transaction_id	user_id	account_id	amount	currency	transaction_type	merchant_id	merchant_category	card_type	transaction_channel	location	timestamp	fraud_flag	risk_score	device_id	fraud_scenario
1	4834	75237	2518.77	GBP	Withdrawal	350	Electronics	Prepaid	Mobile App	Chicago	2025-11-13 18:21:57	0	0.01	device_9414	
2	2545	12119	4697.73	GBP	Transfer	119	Grocery	Prepaid	POS	Los Angeles	2025-11-16 02:13:57	0	0.19	device_5018	
3	4259	70773	2236.77	GBP	Transfer	469	Grocery	Debit	Mobile App	Miami	2025-11-11 06:00:57	0	0.12	device_4813	
4	4744	68752	1751.36	EUR	Payment	380	Travel	Debit	POS	New York	2025-11-14 02:05:57	0	0.12	device_3454	
5	4731	32603	153.79	USD	Deposit	285	Restaurants	Prepaid	Web	New York	2025-11-15 01:03:57	0	0.09	device_9288	
6	3637	86516	3229.45	GBP	Transfer	100	Electronics	Credit	POS	Chicago	2025-11-13 05:50:57	0	0.1	device_1761	
7	2130	27167	139.05	GBP	Transfer	391	Grocery	Debit	Mobile App	New York	2025-11-11 01:46:57	0	0.09	device_4288	
8	1723	97380	1915.15	USD	Payment	215	Restaurants	Credit	Web	Houston	2025-11-10 16:48:57	0	0.06	device_4557	
9	2733	48492	4352.11	EUR	Deposit	445	Luxury	Debit	Web	New York	2025-11-14 18:48:57	0	0.07	device_5823	
10	2246	89024	1933.03	EUR	Transfer	196	Luxury	Prepaid	Mobile App	Chicago	2025-11-11 21:53:57	0	0.25	device_7216	
11	4791	69766	735.68	EUR	Withdrawal	398	Restaurants	Debit	Mobile App	Houston	2025-11-12 19:29:57	0	0.26	device_6517	
12	4353	20083	3923.59	EUR	Withdrawal	465	Grocery	Credit	Web	Houston	2025-11-15 11:14:57	0	0.07	device_7042	
13	4496	36423	2261.24	USD	Deposit	339	Electronics	Credit	POS	Houston	2025-11-11 17:26:57	0	0.01	device_1563	
14	1125	36586	4514.55	GBP	Transfer	479	Electronics	Debit	Web	Chicago	2025-11-10 01:02:57	1	0.89	device_5678	High-Risk Merchant
15	3401	95619	3115.48	USD	Transfer	187	Electronics	Debit	POS	Los Angeles	2025-11-11 13:30:57	0	0.17	device_3291	
16	3182	80191	4758.74	EUR	Payment	467	Electronics	Credit	Mobile App	Miami	2025-11-12 12:36:57	0	0.1	device_9164	
17	2484	37879	4462.32	GBP	Deposit	145	Travel	Prepaid	POS	Los Angeles	2025-11-13 17:21:57	1	0.83	device_1006	Synthetic Identity
18	1858	49949	3826.75	GBP	Payment	166	Restaurants	Debit	Web	New York	2025-11-11 19:36:57	0	0.18	device_8965	
19	2000	34363	3147.66	USD	Withdrawal	497	Electronics	Credit	POS	New York	2025-11-15 20:22:57	0	0.09	device_4780	
20	1051	84148	3210.04	USD	Payment	389	Electronics	Credit	Mobile App	New York	2025-11-14 14:17:57	0	0.26	device_2647	
21	1989	81640	262.4	USD	Transfer	373	Travel	Prepaid	Web	Los Angeles	2025-11-13 09:27:57	0	0.19	device_8746	
22	3237	50801	2384.27	EUR	Transfer	181	Grocery	Debit	Mobile App	Miami	2025-11-11 19:35:57	0	0.18	device_8796	
23	2393	68421	2415.08	USD	Payment	264	Restaurants	Credit	POS	Chicago	2025-11-14 17:59:57	0	0.1	device_5792	
24	2599	37900	4048.66	USD	Withdrawal	260	Luxury	Debit	Web	Houston	2025-11-12 02:03:57	0	0.01	device_8698	
25	3074	71221	1706.46	EUR	Deposit	296	Restaurants	Debit	Mobile App	Miami	2025-11-15 02:38:57	0	0.11	device_3935	
26	4482	84973	1380.66	GBP	Payment	342	Travel	Prepaid	Mobile App	Miami	2025-11-14 10:07:57	0	0.09	device_4919	
27	2878	47030	2790.01	USD	Payment	341	Grocery	Prepaid	POS	New York	2025-11-16 09:22:57	0	0.07	device_1586	
28	3266	84871	2218.0	EUR	Deposit	412	Grocery	Credit	POS	Chicago	2025-11-15 17:20:57	0	0.26	device_1737	
29	1580	17412	397.2	EUR	Deposit	402	Luxury	Debit	POS	Los Angeles	2025-11-14 17:17:57	0	0.06	device_8369	
30	3689	63708	559.06	GBP	Payment	354	Grocery	Credit	Web	New York	2025-11-11 07:09:57	1	0.75	device_6555	Account Takeover
31	1425	66103	4271.43	EUR	Deposit	192	Travel	Credit	Web	Chicago	2025-11-13 05:25:57	0	0.29	device_5736	
32	1163	10392	2332.6	GBP	Payment	113	Electronics	Credit	POS	Houston	2025-11-10 12:20:57	0	0.03	device_6522	
33	4380	65506	53.09	GBP	Transfer	477	Electronics	Credit	Mobile App	New York	2025-11-13 14:23:57	0	0.05	device_9381	
34	3097	55178	3768.45	EUR	Transfer	379	Travel	Prepaid	Mobile App	Houston	2025-11-13 04:19:57	0	0.01	device_3073	
35	4712	16659	2628.61	EUR	Transfer	204	Electronics	Prepaid	Web	Miami	2025-11-12 00:54:57	0	0.13	device_4246	
36	1930	18887	286.55	EUR	Transfer	445	Restaurants	Credit	POS	Miami	2025-11-14 07:27:57	0	0.27	device_9219	
37	2549	72830	1085.67	GBP	Transfer	104	Luxury	Prepaid	Web	Miami	2025-11-15 17:51:57	1	0.98	device_9219	Money Laundering
38	2513	91092	3626.54	EUR	Payment	122	Electronics	Debit	Web	Houston	2025-11-12 17:56:57	0	0.11	device_3371	
39	4468	10449	269.93	EUR	Withdrawal	174	Luxury	Debit	POS	Chicago	2025-11-09 22:00:57	0	0.01	device_5317	
40	1636	10999	3118.87	EUR	Deposit	134	Electronics	Debit	POS	Miami	2025-11-14 21:45:57	0	0.05	device_7795	
41	3818	79710	3789.67	USD	Payment	350	Travel	Debit	Web	Chicago	2025-11-12 01:36:57	0	0.16	device_1841	
42	1553	17511	4049.29	USD	Withdrawal	120	Electronics	Credit	Mobile App	Los Angeles	2025-11-11 10:39:57	0	0.03	device_9537	
43	4237	20563	1921.53	EUR	Payment	362	Luxury	Debit	Mobile App	Chicago	2025-11-14 20:48:57	0	0.3	device_4275	
44	3518	97306	4227.92	EUR	Withdrawal	454	Travel	Debit	POS	Los Angeles	2025-11-12 00:25:57	1	0.78	device_4002	Synthetic Identity
45	1720	66804	2462.56	GBP	Deposit	195	Electronics	Debit	Web	New York	2025-11-16 00:02:57	1	0.9	device_6775	Account Takeover
46	1796	28812	3908.94	EUR	Withdrawal	276	Travel	Prepaid	Mobile App	New York	2025-11-14 21:24:57	0	0.13	device_4748	
47	2559	91863	4158.55	USD	Withdrawal	309	Restaurants	Prepaid	Web	Miami	2025-11-10 08:19:57	0	0.18	device_3134	
48	1836	82969	3850.54	EUR	Withdrawal	314	Grocery	Prepaid	POS	Los Angeles	2025-11-16 09:51:57	0	0.25	device_6281	
49	4023	94810	4900.49	EUR	Withdrawal	430	Grocery	Debit	Web	Houston	2025-11-11 10:54:57	0	0.3	device_2271	
50	2946	54627	1609.56	GBP	Payment	417	Luxury	Debit	Web	Los Angeles	2025-11-09 20:56:57	0	0.16	device_4251	
51	2705	21455	1674.73	GBP	Withdrawal	240	Travel	Credit	Mobile App	Miami	2025-11-10 05:22:57	0	0.22	device_9022	
52	1141	97078	1076.89	GBP	Transfer	121	Grocery	Credit	Web	Houston	2025-11-13 05:37:57	0	0.11	device_2069	
53	4213	10123	2661.05	EUR	Payment	408	Travel	Debit	POS	Chicago	2025-11-11 02:10:57	0	0.02	device_6621	
54	4083	86957	1019.79	USD	Withdrawal	205	Restaurants	Prepaid	POS	Los Angeles	2025-11-11 07:49:57	0	0.01	device_9844	
55	1930	10388	1634.64	USD	Payment	112	Travel	Prepaid	Web	Houston	2025-11-15 19:05:57	1	0.91	device_5355	Account Takeover
56	2006	95583	1070.46	EUR	Deposit	348	Travel	Debit	Mobile App	Los Angeles	2025-11-10 07:50:57	0	0.2	device_4512	
57	3529	30245	325.36	EUR	Payment	261	Travel	Credit	POS	New York	2025-11-10 10:14:57	0	0.07	device_8106	
58	2897	67340	504.81	EUR	Deposit	472	Electronics	Credit	Web	New York	2025-11-10 16:06:57	1	0.77	device_5269	Money Laundering
59	2124	84682	4145.92	USD	Payment	487	Travel	Credit	Web	Miami	2025-11-11 16:34:57	0	0.18	device_6798	
60	3247	75006	2107.5	GBP	Withdrawal	382	Electronics	Debit	Mobile App	Chicago	2025-11-13 00:10:57	0	0.25	device_3985	
61	1672	65043	2787.87	GBP	Deposit	206	Travel	Credit	Web	Miami	2025-11-13 08:08:57	0	0.24	device_4913	
62	2961	73488	3358.69	USD	Payment	467	Travel	Prepaid	Mobile App	Los Angeles	2025-11-16 14:02:57	0	0.26	device_5601	
63	3204	44232	1824.8	EUR	Transfer	199	Luxury	Debit	Mobile App	Chicago	2025-11-10 11:51:57	0	0.13	device_3144	
64	2594	26136	4685.12	GBP	Payment	269	Travel	Credit	POS	Houston	2025-11-14 17:38:57	0	0.06	device_8556	
65	4195	93606	2869.8	GBP	Deposit	195	Restaurants	Debit	POS	Houston	2025-11-13 15:30:57	0	0.02	device_2487	
66	4533	37108	3500.35	GBP	Transfer	326	Electronics	Credit	POS	New York	2025-11-10 21:28:57	0	0.21	device_2040	
67	3919	88486	3921.06	GBP	Withdrawal	196	Restaurants	Prepaid	Mobile App	New York	2025-11-12 02:45:57	0	0.21	device_5306	
68	1364	98632	2338.41	GBP	Withdrawal	452	Restaurants	Prepaid	Mobile App	Los Angeles	2025-11-11 21:39:57	0	0.17	device_3915	
69	4685	33240	1507.72	EUR	Deposit	483	Restaurants	Credit	Web	New York	2025-11-10 09:08:57	0	0.02	device_5007	
70	3973	95299	4442.57	EUR	Payment	471	Restaurants	Debit	POS	Houston	2025-11-10 17:47:57	1	0.94	device_1987	Money Laundering
71	2822	66935	4618.91	EUR	Withdrawal	345	Travel	Debit	Mobile App	Chicago	2025-11-16 04:25:57	1	0.78	device_5385	Account Takeover
72	3174	15477	411.96	EUR	Deposit	188	Electronics	Prepaid	POS	Chicago	2025-11-16 14:12:57	0	0.13	device_7512	
73	1558	51317	3800.99	USD	Payment	377	Restaurants	Credit	Mobile App	Los Angeles	2025-11-13 10:24:57	0	0.25	device_7428	
74	4080	84695	1981.87	EUR	Deposit	134	Grocery	Debit	Mobile App	Los Angeles	2025-11-15 09:51:57	0	0.28	device_5528	
75	1266	47813	4497.19	USD	Withdrawal	396	Travel	Debit	Web	Houston	2025-11-15 10:06:57	0	0.17	device_7891	
76	2928	98118	2905.04	USD	Payment	488	Luxury	Prepaid	POS	Los Angeles	2025-11-10 19:30:57	0	0.14	device_6524	
77	2509	74531	4936.12	EUR	Deposit	458	Grocery	Debit	POS	Houston	2025-11-10 08:49:57	1	0.95	device_5387	Account Takeover
78	4619	93222	60.55	EUR	Payment	293	Luxury	Debit	POS	Houston	2025-11-11 13:05:57	1	0.99	device_3274	Account Takeover
79	3326	98416	2824.03	GBP	Transfer	260	Travel	Credit	Web	New York	2025-11-16 01:02:57	1	0.89	device_4326	Money Laundering
80	4105	30001	283.73	USD	Deposit	153	Electronics	Prepaid	Mobile App	Miami	2025-11-15 20:01:57	0	0.18	device_6351	
81	3909	26564	2168.4	EUR	Transfer	225	Grocery	Debit	POS	Los Angeles	2025-11-14 03:02:57	0	0.19	device_5330	
82	2371	21143	1213.68	GBP	Payment	282	Grocery	Credit	POS	Houston	2025-11-13 23:39:57	1	0.95	device_1527	CNP Fraud
83	2031	44909	3034.08	USD	Payment	380	Luxury	Prepaid	Mobile App	Chicago	2025-11-11 00:23:57	0	0.05	device_3804	
84	2795	70564	99.13	EUR	Withdrawal	498	Travel	Prepaid	Mobile App	New York	2025-11-15 19:59:57	1	0.84	device_7338	Money Laundering
85	3621	19017	3609.21	EUR	Payment	409	Luxury	Prepaid	POS	Chicago	2025-11-14 15:56:57	0	0.05	device_3050	
86	1272	67655	1971.04	EUR	Withdrawal	288	Travel	Debit	POS	Miami	2025-11-10 07:22:57	0	0.14	device_3375	
87	3147	60795	133.72	EUR	Transfer	332	Electronics	Debit	Mobile App	Miami	2025-11-14 01:49:57	0	0.07	device_7077	
88	3542	38018	2151.45	USD	Deposit	292	Grocery	Credit	Mobile App	Los Angeles	2025-11-14 00:31:57	0	0.17	device_9395	
89	2371	85602	275.14	GBP	Deposit	307	Travel	Prepaid	Mobile App	Miami	2025-11-12 09:20:57	0	0.04	device_8104	
90	2229	51140	47.51	EUR	Payment	481	Electronics	Credit	Mobile App	Houston	2025-11-16 00:10:57	1	0.93	device_1111	High-Risk Merchant
91	1829	81735	3582.77	USD	Deposit	495	Grocery	Credit	POS	Chicago	2025-11-11 06:31:57	0	0.07	device_1875	
92	2949	27150	857.28	GBP	Transfer	214	Electronics	Debit	POS	Los Angeles	2025-11-12 16:00:57	1	0.89	device_9470	High-Risk Merchant
93	4745	75456	1552.63	EUR	Deposit	400	Electronics	Debit	Web	Miami	2025-11-13 05:34:57	0	0.22	device_8889	
94	4203	32113	3500.64	GBP	Transfer	337	Grocery	Debit	Mobile App	Miami	2025-11-16 08:02:57	0	0.07	device_7460	
95	3463	44911	1794.89	GBP	Withdrawal	297	Travel	Debit	POS	Los Angeles	2025-11-13 07:52:57	0	0.1	device_1529	
96	1534	53391	1564.71	EUR	Payment	126	Travel	Debit	POS	Chicago	2025-11-11 03:54:57	0	0.09	device_6612	
97	3576	68441	4351.26	USD	Payment	128	Travel	Credit	Web	Chicago	2025-11-12 16:44:57	0	0.16	device_5064	
98	2586	62137	4350.44	USD	Deposit	433	Travel	Credit	Web	New York	2025-11-15 09:04:57	0	0.25	device_6454	
99	2598	94254	4899.32	EUR	Deposit	230	Travel	Prepaid	Mobile App	Los Angeles	2025-11-11 13:12:57	0	0.08	device_1771	
100	2177	71556	2956.14	USD	Transfer	376	Restaurants	Prepaid	Mobile App	Miami	2025-11-11 13:43:57	0	0.28	device_9253	
101	1756	99575	910.64	EUR	Deposit	202	Electronics	Credit	Mobile App	Los Angeles	2025-11-13 00:04:57	0	0.26	device_4819	
102	2872	93215	3659.37	USD	Payment	244	Electronics	Credit	POS	Houston	2025-11-11 16:04:57	0	0.13	device_6920	
103	1247	39479	998.03	EUR	Deposit	391	Grocery	Credit	Mobile App	Houston	2025-11-12 07:15:57	1	0.9	device_1653	CNP Fraud
104	3144	41817	2354.08	USD	Withdrawal	258	Electronics	Debit	POS	Miami	2025-11-13 09:22:57	0	0.29	device_2327	
105	1659	54519	3339.47	USD	Payment	289	Grocery	Debit	POS	Los Angeles	2025-11-15 19:47:57	0	0.04	device_1649	
106	2876	40807	2745.75	USD	Deposit	335	Electronics	Credit	Web	Miami	2025-11-10 02:32:57	0	0.22	device_6447	
107	3074	91737	4080.26	GBP	Withdrawal	155	Electronics	Prepaid	POS	Miami	2025-11-12 15:58:57	0	0.12	device_7743	
108	1610	24158	4292.0	GBP	Withdrawal	133	Luxury	Credit	Mobile App	Miami	2025-11-14 10:55:57	0	0.28	device_3273	
109	2924	41436	4699.69	GBP	Withdrawal	114	Grocery	Prepaid	Mobile App	New York	2025-11-10 12:33:57	1	0.95	device_8029	Account Takeover
110	4523	51005	1290.6	GBP	Withdrawal	149	Grocery	Credit	Web	Houston	2025-11-16 15:24:57	0	0.02	device_4964	
111	3713	84913	3777.25	USD	Transfer	185	Grocery	Debit	Mobile App	Los Angeles	2025-11-12 11:13:57	0	0.29	device_4051	
112	1970	48998	930.91	EUR	Deposit	441	Electronics	Prepaid	Web	Miami	2025-11-14 08:24:57	1	0.89	device_9985	Account Takeover
113	1953	90098	4391.75	EUR	Deposit	175	Grocery	Debit	Mobile App	Houston	2025-11-12 07:48:57	1	0.73	device_7969	Account Takeover
114	1809	93196	1852.24	EUR	Payment	114	Restaurants	Credit	Mobile App	Chicago	2025-11-13 13:27:57	0	0.02	device_1190	
115	2692	15768	1419.86	EUR	Withdrawal	224	Restaurants	Prepaid	POS	Houston	2025-11-13 07:20:57	0	0.06	device_4336	
116	2628	30050	4157.96	USD	Transfer	106	Travel	Debit	Web	Houston	2025-11-16 07:23:57	0	0.01	device_9084	
117	2126	33005	4390.27	GBP	Transfer	331	Luxury	Debit	POS	Los Angeles	2025-11-12 05:25:57	0	0.03	device_3863	
118	1794	29234	2518.13	GBP	Withdrawal	149	Travel	Debit	Web	Chicago	2025-11-10 21:09:57	0	0.1	device_3513	
119	1998	96642	3631.09	GBP	Payment	389	Electronics	Debit	POS	Miami	2025-11-15 11:13:57	0	0.19	device_5040	
120	4616	65351	706.08	EUR	Withdrawal	500	Luxury	Prepaid	Mobile App	Houston	2025-11-10 21:51:57	0	0.21	device_4111	
121	1496	54857	3252.32	EUR	Payment	374	Luxury	Prepaid	Mobile App	Miami	2025-11-13 21:42:57	0	0.14	device_6633	
122	2768	84241	156.06	USD	Payment	297	Travel	Prepaid	Web	Chicago	2025-11-13 11:56:57	1	0.99	device_8499	CNP Fraud
123	2477	75890	82.79	USD	Withdrawal	343	Luxury	Prepaid	POS	Houston	2025-11-13 18:41:57	0	0.17	device_2408	
124	4551	89777	1642.84	GBP	Payment	416	Grocery	Credit	Mobile App	Los Angeles	2025-11-09 18:47:57	0	0.27	device_6736	
125	2134	29716	4861.72	USD	Transfer	146	Restaurants	Prepaid	POS	Los Angeles	2025-11-11 12:55:57	0	0.13	device_1744	
126	3289	98246	3698.73	GBP	Transfer	382	Electronics	Prepaid	Mobile App	Los Angeles	2025-11-09 23:54:57	0	0.1	device_7108	
127	1851	94537	1226.45	USD	Payment	453	Restaurants	Prepaid	Mobile App	Chicago	2025-11-16 13:47:57	0	0.08	device_7561	
128	2587	33753	1907.28	GBP	Payment	472	Electronics	Debit	Mobile App	Miami	2025-11-11 15:13:57	1	0.89	device_6024	Account Takeover
129	4059	32501	2675.11	USD	Transfer	262	Electronics	Debit	Web	Miami	2025-11-15 08:12:57	0	0.12	device_8302	
130	4286	63536	3320.79	USD	Transfer	342	Travel	Prepaid	POS	New York	2025-11-15 12:40:57	1	1.0	device_8206	CNP Fraud
131	3113	59466	437.99	USD	Deposit	282	Luxury	Credit	POS	New York	2025-11-09 18:36:57	0	0.3	device_4300	
132	1488	16177	1676.34	GBP	Transfer	243	Restaurants	Prepaid	POS	Chicago	2025-11-12 12:35:57	0	0.11	device_9062	
133	3100	66774	3247.7	EUR	Withdrawal	210	Electronics	Credit	Web	Miami	2025-11-09 22:06:57	0	0.21	device_1527	
134	3888	34437	3011.11	GBP	Withdrawal	337	Travel	Credit	POS	Miami	2025-11-11 11:50:57	0	0.2	device_1081	
135	1703	62496	3026.46	EUR	Transfer	174	Travel	Credit	Mobile App	Los Angeles	2025-11-10 21:02:57	0	0.16	device_4171	
136	3764	13544	725.91	USD	Deposit	221	Restaurants	Debit	POS	Houston	2025-11-13 16:32:57	0	0.21	device_7538	
137	2170	30751	3608.06	USD	Transfer	436	Grocery	Debit	POS	Chicago	2025-11-13 19:31:57	0	0.06	device_2127	
138	1867	43792	1518.53	GBP	Withdrawal	412	Travel	Debit	POS	Miami	2025-11-10 04:23:57	1	0.72	device_1502	Account Takeover
139	4326	34814	3074.5	USD	Transfer	159	Luxury	Credit	POS	Los Angeles	2025-11-12 13:30:57	0	0.19	device_2298	
140	1953	66611	4443.45	EUR	Deposit	481	Travel	Prepaid	Web	Chicago	2025-11-14 10:07:57	0	0.01	device_1424	
141	2044	29202	3838.48	GBP	Withdrawal	451	Electronics	Debit	POS	Los Angeles	2025-11-12 14:55:57	0	0.13	device_2568	
142	1464	80004	3620.23	EUR	Withdrawal	492	Luxury	Credit	POS	Houston	2025-11-15 23:14:57	0	0.16	device_8412	
143	3055	90879	2329.5	USD	Transfer	335	Grocery	Prepaid	POS	Los Angeles	2025-11-10 09:21:57	0	0.04	device_5568	
144	2255	61694	4517.57	EUR	Payment	313	Restaurants	Debit	Web	New York	2025-11-11 13:33:57	0	0.25	device_5830	
145	2471	27142	4218.6	GBP	Withdrawal	140	Travel	Prepaid	Web	Chicago	2025-11-11 16:54:57	0	0.28	device_3353	
146	3639	46457	615.25	USD	Withdrawal	173	Electronics	Debit	POS	New York	2025-11-13 03:39:57	0	0.08	device_5788	
147	2964	59790	1621.5	GBP	Withdrawal	500	Electronics	Credit	POS	Chicago	2025-11-10 07:01:57	1	0.89	device_9869	Account Takeover
148	2769	38748	3194.61	GBP	Withdrawal	489	Restaurants	Debit	Web	Miami	2025-11-15 01:48:57	0	0.03	device_4746	
149	4364	93221	3345.84	USD	Withdrawal	131	Travel	Prepaid	Mobile App	New York	2025-11-11 08:03:57	0	0.09	device_7094	
150	3569	44171	90.14	EUR	Withdrawal	198	Restaurants	Credit	Web	Houston	2025-11-13 10:34:57	0	0.26	device_6943	
151	2592	26423	4099.77	EUR	Deposit	388	Travel	Prepaid	Web	Chicago	2025-11-10 09:02:57	0	0.15	device_7063	
152	1454	75183	3239.58	USD	Deposit	214	Luxury	Debit	Mobile App	Houston	2025-11-09 22:29:57	0	0.2	device_1854	
153	4616	87583	1172.14	EUR	Withdrawal	275	Electronics	Credit	Web	Miami	2025-11-15 10:36:57	0	0.15	device_4954	
154	1068	86885	3610.95	EUR	Transfer	428	Restaurants	Credit	Mobile App	Chicago	2025-11-15 17:02:57	1	0.99	device_4665	Synthetic Identity
155	3544	77784	3297.21	EUR	Withdrawal	370	Restaurants	Prepaid	Mobile App	Houston	2025-11-12 18:25:57	0	0.12	device_9617	
156	2423	96822	3533.63	GBP	Deposit	349	Electronics	Prepaid	POS	Miami	2025-11-15 05:45:57	0	0.02	device_5481	
157	1507	95172	2667.38	GBP	Deposit	166	Electronics	Prepaid	Web	Houston	2025-11-14 02:43:57	0	0.25	device_7049	
158	4888	12870	1745.66	GBP	Payment	222	Electronics	Debit	POS	Miami	2025-11-12 13:50:57	0	0.23	device_5579	
159	3527	60771	4308.06	USD	Deposit	222	Luxury	Debit	POS	New York	2025-11-09 21:50:57	0	0.07	device_5446	
160	1599	93687	3241.26	USD	Deposit	232	Travel	Debit	POS	Houston	2025-11-10 09:46:57	0	0.27	device_5132	
161	3013	92726	4297.03	USD	Payment	355	Luxury	Credit	Web	Houston	2025-11-15 06:19:57	0	0.22	device_9710	
162	3745	11899	3341.1	GBP	Transfer	454	Luxury	Prepaid	Mobile App	Chicago	2025-11-12 19:38:57	0	0.02	device_6653	
163	1072	62148	3771.8	GBP	Transfer	328	Travel	Debit	Web	Houston	2025-11-11 23:52:57	0	0.21	device_1461	
164	2664	58141	2451.09	USD	Transfer	171	Grocery	Debit	Web	New York	2025-11-11 19:43:57	0	0.15	device_7822	
165	2736	90824	2017.7	EUR	Withdrawal	433	Luxury	Prepaid	POS	Chicago	2025-11-10 16:39:57	0	0.29	device_3937	
166	2150	81243	2353.88	USD	Withdrawal	363	Travel	Debit	Web	Chicago	2025-11-11 02:38:57	1	0.94	device_4710	High-Risk Merchant
167	1757	49090	3040.89	EUR	Transfer	409	Travel	Prepaid	Mobile App	Los Angeles	2025-11-13 22:07:57	0	0.04	device_9920	
168	1615	16219	4692.5	GBP	Deposit	380	Restaurants	Credit	Mobile App	New York	2025-11-12 21:21:57	0	0.02	device_8343	
169	3340	82475	2720.03	EUR	Transfer	125	Luxury	Credit	Web	New York	2025-11-11 09:32:57	0	0.25	device_8012	
170	4548	79066	1352.25	GBP	Deposit	279	Electronics	Credit	Mobile App	Los Angeles	2025-11-14 10:13:57	1	0.71	device_1915	Account Takeover
171	1804	51576	2227.94	EUR	Deposit	182	Grocery	Prepaid	POS	Houston	2025-11-13 16:10:57	0	0.14	device_1072	
172	4312	33040	4932.09	GBP	Deposit	483	Electronics	Debit	Web	Chicago	2025-11-15 13:10:57	0	0.14	device_2167	
173	4864	65518	822.37	GBP	Payment	268	Travel	Debit	Web	Miami	2025-11-14 13:34:57	0	0.06	device_9633	
174	3497	57325	3970.57	EUR	Deposit	314	Grocery	Credit	Mobile App	Los Angeles	2025-11-09 18:38:57	0	0.01	device_3005	
175	2346	17796	4586.04	GBP	Payment	441	Electronics	Credit	Mobile App	New York	2025-11-13 07:45:57	0	0.16	device_7115	
176	3759	31357	775.43	EUR	Withdrawal	356	Luxury	Debit	Web	Chicago	2025-11-10 23:08:57	0	0.25	device_2238	
177	3898	74551	736.06	GBP	Deposit	264	Restaurants	Debit	Web	New York	2025-11-12 17:01:57	1	0.79	device_2695	CNP Fraud
178	1866	68566	2593.94	USD	Transfer	212	Travel	Prepaid	Web	Miami	2025-11-14 03:31:57	0	0.1	device_8721	
179	4787	47058	3120.27	EUR	Transfer	189	Luxury	Debit	Web	Houston	2025-11-15 16:12:57	0	0.01	device_5000	
180	2260	85753	271.83	EUR	Payment	246	Restaurants	Prepaid	Mobile App	Los Angeles	2025-11-11 09:21:57	0	0.29	device_5355	
181	3401	27405	2910.69	USD	Withdrawal	446	Restaurants	Credit	Web	Los Angeles	2025-11-15 17:14:57	0	0.1	device_7036	
182	1153	37925	781.91	EUR	Payment	421	Luxury	Credit	Web	New York	2025-11-10 22:16:57	0	0.08	device_2800	
183	3929	23669	4516.93	EUR	Payment	497	Travel	Credit	POS	Los Angeles	2025-11-13 14:37:57	0	0.05	device_3461	
184	1318	83075	2813.96	USD	Withdrawal	266	Electronics	Debit	POS	Chicago	2025-11-10 16:54:57	0	0.07	device_6216	
185	3565	38537	2538.43	EUR	Payment	183	Restaurants	Credit	Web	Chicago	2025-11-14 19:25:57	0	0.29	device_1046	
186	3103	53678	72.9	USD	Withdrawal	274	Travel	Debit	Mobile App	Chicago	2025-11-16 10:01:57	0	0.02	device_8465	
187	1266	56353	1271.9	USD	Deposit	204	Electronics	Credit	Mobile App	Miami	2025-11-10 23:52:57	1	0.75	device_2530	High-Risk Merchant
188	4409	26032	2959.58	USD	Payment	131	Electronics	Credit	Mobile App	Los Angeles	2025-11-15 16:12:57	0	0.01	device_7036	
189	1089	43566	2504.44	GBP	Transfer	475	Restaurants	Prepaid	Web	Miami	2025-11-15 03:19:57	0	0.18	device_9363	
190	4187	91029	646.14	USD	Transfer	197	Electronics	Debit	Mobile App	Chicago	2025-11-13 22:00:57	0	0.04	device_8753	
191	2567	40889	2416.37	USD	Transfer	121	Travel	Debit	POS	Chicago	2025-11-16 14:37:57	0	0.28	device_6041	
192	2575	73836	3499.89	GBP	Transfer	103	Grocery	Debit	Web	Houston	2025-11-10 13:05:57	1	0.79	device_9956	CNP Fraud
193	2689	22032	4019.28	EUR	Deposit	253	Electronics	Credit	Mobile App	New York	2025-11-10 20:56:57	0	0.16	device_2150	
194	2503	50471	1199.09	GBP	Deposit	493	Grocery	Credit	Web	New York	2025-11-10 04:55:57	0	0.12	device_6468	
195	4858	77983	865.86	USD	Deposit	422	Luxury	Credit	Web	Miami	2025-11-16 12:41:57	0	0.08	device_3940	
196	1554	36920	1116.43	GBP	Transfer	214	Luxury	Credit	Mobile App	Houston	2025-11-12 17:54:57	0	0.29	device_4284	
197	1833	74977	4975.66	USD	Transfer	325	Restaurants	Credit	Mobile App	Houston	2025-11-10 09:36:57	1	0.77	device_8359	CNP Fraud
198	3731	32528	4326.61	USD	Withdrawal	463	Electronics	Credit	Mobile App	Miami	2025-11-11 14:41:57	0	0.27	device_4333	
199	1595	73016	561.77	EUR	Withdrawal	203	Travel	Debit	Mobile App	Los Angeles	2025-11-12 14:00:57	0	0.05	device_7073	
200	4724	90388	4833.11	EUR	Withdrawal	334	Electronics	Credit	POS	New York	2025-11-10 23:29:57	0	0.19	device_6192	
201	1047	48973	514.35	USD	Payment	373	Travel	Credit	POS	New York	2025-11-10 07:47:57	0	0.12	device_5641	
202	1083	24392	20.47	GBP	Deposit	476	Luxury	Debit	Mobile App	Chicago	2025-11-14 15:27:57	0	0.2	device_5601	
203	1271	49364	2091.8	GBP	Deposit	452	Travel	Credit	Web	Houston	2025-11-16 00:57:57	0	0.03	device_8854	
204	3579	69275	1298.55	GBP	Deposit	155	Grocery	Prepaid	POS	Chicago	2025-11-10 14:14:57	0	0.17	device_1351	
205	4995	83541	4811.49	EUR	Deposit	101	Restaurants	Credit	Web	New York	2025-11-12 02:51:57	0	0.2	device_8731	
206	1478	74806	2137.18	USD	Deposit	241	Restaurants	Debit	POS	Miami	2025-11-10 02:01:57	0	0.17	device_7614	
207	3934	24165	261.08	GBP	Deposit	157	Restaurants	Credit	Mobile App	Miami	2025-11-15 19:32:57	0	0.08	device_6584	
208	3257	10216	4571.93	GBP	Withdrawal	203	Grocery	Prepaid	Mobile App	Miami	2025-11-14 02:20:57	0	0.12	device_1670	
209	4447	31358	1225.49	GBP	Withdrawal	183	Electronics	Credit	Web	Miami	2025-11-09 18:21:57	0	0.23	device_3652	
210	3645	81532	4677.51	EUR	Transfer	364	Restaurants	Debit	Mobile App	Miami	2025-11-11 10:48:57	0	0.17	device_1144	
211	2965	36630	3319.75	EUR	Deposit	119	Electronics	Prepaid	POS	Chicago	2025-11-14 12:16:57	0	0.3	device_8015	
212	4454	77433	4082.34	GBP	Payment	471	Travel	Debit	Mobile App	Miami	2025-11-14 18:08:57	0	0.17	device_5842	
213	1010	29339	1265.28	USD	Deposit	209	Travel	Prepaid	Web	Houston	2025-11-10 00:36:57	0	0.28	device_5494	
214	4552	41377	285.23	GBP	Transfer	268	Restaurants	Debit	POS	Chicago	2025-11-11 02:18:57	0	0.21	device_5894	
215	1828	80105	3735.78	EUR	Payment	145	Restaurants	Prepaid	Web	Miami	2025-11-16 08:37:57	0	0.11	device_6716	
216	3298	13088	4276.71	USD	Transfer	327	Travel	Prepaid	POS	Houston	2025-11-11 07:02:57	0	0.12	device_1064	
217	1925	47719	3645.44	EUR	Deposit	267	Electronics	Prepaid	Mobile App	Miami	2025-11-13 00:35:57	0	0.2	device_6653	
218	4382	56816	4846.46	EUR	Deposit	332	Grocery	Credit	Mobile App	Houston	2025-11-10 10:33:57	0	0.12	device_4464	
219	2157	99991	3961.96	USD	Transfer	200	Travel	Credit	Mobile App	Los Angeles	2025-11-12 15:46:57	0	0.05	device_3787	
220	1366	27846	195.61	USD	Transfer	154	Grocery	Prepaid	Mobile App	Los Angeles	2025-11-11 01:33:57	0	0.01	device_4625	
221	3140	63037	260.66	GBP	Transfer	365	Grocery	Credit	POS	Miami	2025-11-13 11:49:57	0	0.26	device_6903	
222	3994	89719	3813.32	USD	Payment	469	Electronics	Prepaid	Web	Chicago	2025-11-15 02:28:57	0	0.27	device_9400	
223	1953	54345	1776.73	EUR	Withdrawal	434	Luxury	Debit	Web	Houston	2025-11-12 22:29:57	0	0.17	device_3418	
224	1842	12041	3565.74	GBP	Transfer	350	Grocery	Debit	POS	Houston	2025-11-11 09:46:57	0	0.29	device_4203	
225	3782	14159	4156.68	USD	Deposit	182	Luxury	Prepaid	Web	Chicago	2025-11-13 04:36:57	0	0.12	device_5854	
226	1231	33083	3480.88	USD	Withdrawal	274	Restaurants	Debit	Mobile App	Los Angeles	2025-11-11 17:38:57	0	0.26	device_5052	
227	1348	60380	1710.56	GBP	Deposit	304	Restaurants	Prepaid	POS	Miami	2025-11-10 03:41:57	0	0.17	device_2081	
228	3535	13116	1397.76	GBP	Payment	389	Grocery	Debit	Web	New York	2025-11-12 02:33:57	0	0.08	device_3966	
229	4287	95959	1239.17	EUR	Transfer	272	Electronics	Credit	Mobile App	Los Angeles	2025-11-14 06:31:57	1	0.96	device_1913	High-Risk Merchant
230	2447	55843	4300.2	GBP	Deposit	303	Travel	Prepaid	Mobile App	Houston	2025-11-14 05:47:57	0	0.27	device_1633	
231	1868	92969	3975.3	GBP	Payment	418	Restaurants	Prepaid	Mobile App	Miami	2025-11-15 06:58:57	1	0.84	device_7248	Synthetic Identity
232	1508	41565	3025.64	GBP	Withdrawal	375	Luxury	Prepaid	Mobile App	Houston	2025-11-12 15:19:57	0	0.13	device_9582	
233	3606	87501	1548.43	GBP	Payment	435	Restaurants	Debit	Mobile App	Houston	2025-11-15 22:37:57	0	0.26	device_5798	
234	2208	89762	2840.5	USD	Withdrawal	126	Travel	Credit	Web	Chicago	2025-11-13 10:26:57	0	0.06	device_8163	
235	3588	16557	2304.26	GBP	Deposit	197	Restaurants	Credit	Mobile App	Houston	2025-11-10 05:07:57	0	0.17	device_9670	
236	4666	81280	1655.85	GBP	Deposit	215	Electronics	Prepaid	POS	Chicago	2025-11-12 14:01:57	0	0.19	device_9980	
237	4936	14881	2727.87	EUR	Payment	458	Electronics	Credit	Web	Los Angeles	2025-11-11 01:48:57	0	0.23	device_3192	
238	4292	50009	2830.33	USD	Transfer	188	Restaurants	Debit	Web	Los Angeles	2025-11-13 14:27:57	0	0.21	device_5380	
239	1802	51803	4233.3	USD	Transfer	133	Restaurants	Debit	Web	Los Angeles	2025-11-14 04:55:57	0	0.24	device_6170	
240	1511	53615	1870.58	USD	Deposit	407	Luxury	Prepaid	POS	Houston	2025-11-10 09:12:57	0	0.18	device_9831	
241	4523	16893	2614.42	GBP	Payment	200	Restaurants	Prepaid	Mobile App	Los Angeles	2025-11-14 04:26:57	0	0.13	device_1654	
242	3656	84627	3035.65	GBP	Transfer	132	Grocery	Debit	Mobile App	Miami	2025-11-13 13:55:57	1	0.85	device_3886	High-Risk Merchant
243	1051	45453	2627.42	USD	Deposit	301	Grocery	Credit	Web	New York	2025-11-16 05:56:57	0	0.13	device_6402	
244	4707	22442	2496.38	EUR	Withdrawal	209	Electronics	Prepaid	Web	Los Angeles	2025-11-12 03:47:57	0	0.23	device_5766	
245	4002	66328	4832.34	EUR	Withdrawal	471	Grocery	Prepaid	POS	New York	2025-11-16 09:02:57	0	0.16	device_9450	
246	1719	90617	1634.46	USD	Withdrawal	402	Travel	Prepaid	Web	Los Angeles	2025-11-12 00:50:57	0	0.14	device_1627	
247	4084	56429	3582.25	USD	Payment	108	Luxury	Prepaid	POS	New York	2025-11-10 18:20:57	1	1.0	device_9510	Account Takeover
248	3377	85380	685.22	EUR	Withdrawal	347	Electronics	Prepaid	Web	Houston	2025-11-14 08:28:57	0	0.14	device_6629	
249	3704	77518	4832.66	USD	Transfer	159	Luxury	Credit	Mobile App	Chicago	2025-11-11 22:04:57	0	0.02	device_4713	
250	1870	27941	1684.59	USD	Withdrawal	481	Restaurants	Debit	Mobile App	Chicago	2025-11-10 23:33:57	0	0.03	device_6667	
251	3598	38113	3352.52	USD	Deposit	309	Luxury	Credit	Mobile App	New York	2025-11-10 15:35:57	0	0.24	device_5132	
252	3323	44671	580.31	GBP	Transfer	185	Travel	Debit	Web	Los Angeles	2025-11-10 10:31:57	0	0.3	device_8545	
253	4679	69910	3705.35	USD	Deposit	470	Travel	Credit	POS	Los Angeles	2025-11-14 05:03:57	0	0.18	device_5928	
254	4727	31544	474.78	USD	Payment	374	Restaurants	Debit	POS	New York	2025-11-12 11:59:57	1	0.87	device_7116	Account Takeover
255	3172	74238	2613.04	GBP	Payment	406	Luxury	Prepaid	Mobile App	Chicago	2025-11-10 01:07:57	0	0.03	device_3716	
256	4031	59170	4818.87	EUR	Payment	162	Restaurants	Debit	Mobile App	Miami	2025-11-16 08:01:57	0	0.28	device_6110	
257	3113	29163	1873.55	EUR	Withdrawal	442	Grocery	Debit	Web	Houston	2025-11-10 15:28:57	0	0.04	device_2264	
258	3725	71896	505.34	GBP	Payment	217	Restaurants	Credit	POS	Los Angeles	2025-11-09 22:51:57	0	0.29	device_9776	
259	4619	22063	2407.27	USD	Deposit	452	Electronics	Credit	Web	Chicago	2025-11-12 04:43:57	0	0.17	device_5423	
260	1899	76538	471.92	USD	Withdrawal	385	Grocery	Debit	Mobile App	Houston	2025-11-10 15:16:57	0	0.22	device_7610	
261	4470	26328	3934.37	EUR	Withdrawal	369	Grocery	Debit	Web	New York	2025-11-15 16:53:57	0	0.06	device_2851	
262	1792	81693	2493.17	USD	Deposit	318	Grocery	Credit	POS	Los Angeles	2025-11-09 18:55:57	0	0.04	device_9504	
263	2489	32672	1000.44	GBP	Deposit	348	Restaurants	Debit	Mobile App	Houston	2025-11-15 20:48:57	0	0.13	device_5599	
264	2035	73756	2610.15	USD	Deposit	497	Luxury	Credit	Mobile App	Chicago	2025-11-11 21:18:57	0	0.29	device_4878	
265	1279	91847	597.63	USD	Deposit	105	Luxury	Debit	Mobile App	Miami	2025-11-11 10:18:57	0	0.01	device_8224	
266	1456	98352	35.49	GBP	Payment	107	Travel	Debit	POS	Houston	2025-11-11 19:06:57	0	0.19	device_5543	
267	3609	97228	4329.76	GBP	Withdrawal	363	Grocery	Prepaid	Mobile App	Houston	2025-11-10 21:25:57	0	0.22	device_5889	
268	3506	84284	2818.91	EUR	Payment	454	Restaurants	Prepaid	Web	Houston	2025-11-14 20:59:57	0	0.24	device_2481	
269	4759	46378	3756.04	EUR	Transfer	414	Luxury	Prepaid	Web	Houston	2025-11-14 02:26:57	0	0.04	device_6326	
270	1654	90614	1655.77	GBP	Transfer	198	Restaurants	Debit	Mobile App	Chicago	2025-11-15 08:02:57	0	0.05	device_4914	
271	3660	79253	3829.72	USD	Transfer	455	Grocery	Debit	Web	Los Angeles	2025-11-15 20:05:57	0	0.09	device_9918	
272	1829	53869	606.78	EUR	Payment	205	Grocery	Debit	POS	Chicago	2025-11-13 04:24:57	0	0.14	device_2374	
273	1456	58434	3649.97	USD	Payment	331	Travel	Prepaid	Mobile App	Houston	2025-11-13 06:22:57	0	0.26	device_9818	
274	3735	14340	4194.89	GBP	Deposit	191	Electronics	Debit	Web	Los Angeles	2025-11-11 21:43:57	0	0.13	device_6350	
275	1642	36698	4486.53	EUR	Deposit	210	Grocery	Debit	POS	New York	2025-11-10 12:39:57	1	0.95	device_1791	High-Risk Merchant
276	2899	82817	3111.85	USD	Deposit	294	Luxury	Credit	Web	Miami	2025-11-14 15:41:57	0	0.25	device_8248	
277	2359	27298	1539.89	GBP	Transfer	400	Grocery	Credit	POS	Miami	2025-11-13 15:44:57	0	0.1	device_9646	
278	1918	60820	1818.42	GBP	Transfer	186	Electronics	Prepaid	Mobile App	Chicago	2025-11-13 19:53:57	0	0.04	device_4468	
279	3910	52139	437.99	EUR	Payment	152	Grocery	Credit	Mobile App	Chicago	2025-11-10 08:46:57	0	0.09	device_8302	
280	3049	72373	940.36	GBP	Deposit	381	Travel	Prepaid	Web	Chicago	2025-11-10 11:29:57	0	0.24	device_2235	
281	3401	92065	3429.37	EUR	Withdrawal	168	Restaurants	Credit	POS	Chicago	2025-11-10 11:33:57	0	0.01	device_4040	
282	3995	47315	1018.12	EUR	Payment	197	Luxury	Credit	Web	New York	2025-11-15 10:57:57	0	0.01	device_7682	
283	3185	77093	3592.88	EUR	Withdrawal	324	Grocery	Debit	Web	Houston	2025-11-12 19:26:57	0	0.29	device_7444	
284	3003	28029	2250.55	GBP	Payment	485	Electronics	Prepaid	Mobile App	New York	2025-11-11 02:10:57	0	0.05	device_2744	
285	3796	88169	3789.0	EUR	Payment	462	Luxury	Credit	Web	Houston	2025-11-13 00:49:57	0	0.23	device_8236	
286	3492	65731	3323.11	EUR	Payment	270	Electronics	Credit	Web	Houston	2025-11-12 07:10:57	0	0.16	device_4778	
287	3240	72620	403.38	GBP	Deposit	239	Restaurants	Prepaid	Web	Chicago	2025-11-10 04:06:57	1	0.88	device_4383	Synthetic Identity
288	4301	23886	1845.59	EUR	Withdrawal	147	Luxury	Debit	Mobile App	New York	2025-11-15 22:50:57	0	0.1	device_5316	
289	4009	49521	1704.93	EUR	Transfer	300	Grocery	Credit	Web	Los Angeles	2025-11-15 19:35:57	0	0.25	device_7813	
290	3409	49187	1922.49	USD	Transfer	221	Luxury	Credit	Web	Houston	2025-11-10 04:51:57	0	0.04	device_7740	
291	1899	46679	4815.56	USD	Transfer	200	Grocery	Debit	Web	New York	2025-11-12 16:45:57	1	0.86	device_4804	Money Laundering
292	1872	25153	41.1	USD	Deposit	415	Grocery	Credit	Web	Houston	2025-11-16 04:04:57	0	0.25	device_3837	
293	1935	66915	2865.54	GBP	Transfer	357	Travel	Credit	Web	Houston	2025-11-14 01:47:57	0	0.26	device_3012	
294	1251	61040	2041.73	GBP	Deposit	223	Electronics	Prepaid	POS	New York	2025-11-09 20:22:57	0	0.14	device_4888	
295	3429	69986	3910.66	EUR	Withdrawal	242	Grocery	Prepaid	Web	New York	2025-11-13 00:40:57	0	0.26	device_5874	
296	2958	41540	4344.43	EUR	Deposit	330	Travel	Credit	Web	Chicago	2025-11-14 20:13:57	1	0.99	device_9746	Account Takeover
297	2398	27525	4332.94	EUR	Deposit	477	Electronics	Credit	Mobile App	Chicago	2025-11-12 03:49:57	1	0.81	device_4079	CNP Fraud
298	3962	53213	4872.64	EUR	Transfer	208	Electronics	Prepaid	POS	Houston	2025-11-12 07:22:57	1	0.83	device_7227	CNP Fraud
299	4645	81564	3811.55	EUR	Payment	441	Luxury	Prepaid	Mobile App	New York	2025-11-11 10:25:57	1	0.94	device_5848	CNP Fraud
300	1810	28007	4848.24	GBP	Payment	467	Grocery	Credit	POS	Chicago	2025-11-12 19:06:57	0	0.21	device_6130	
301	1047	73866	328.53	GBP	Withdrawal	171	Grocery	Prepaid	Web	Chicago	2025-11-14 15:19:57	0	0.21	device_8593	
302	1894	11246	3013.59	GBP	Payment	463	Restaurants	Prepaid	Mobile App	New York	2025-11-12 04:30:57	0	0.12	device_5784	
303	1220	40675	2440.04	EUR	Transfer	353	Electronics	Prepaid	POS	Miami	2025-11-15 18:14:57	0	0.15	device_3834	
304	3233	79499	1443.88	USD	Withdrawal	368	Travel	Debit	Mobile App	Chicago	2025-11-14 06:17:57	0	0.05	device_5927	
305	1778	43115	1523.95	GBP	Deposit	208	Travel	Prepaid	POS	New York	2025-11-10 10:38:57	0	0.13	device_2992	
306	2657	66904	3368.97	GBP	Transfer	400	Restaurants	Prepaid	Web	Miami	2025-11-13 04:30:57	0	0.13	device_6476	
307	1216	29898	3795.34	USD	Payment	184	Luxury	Debit	Web	Chicago	2025-11-10 20:55:57	0	0.07	device_4347	
308	3425	80735	3857.72	EUR	Deposit	322	Luxury	Debit	Web	Chicago	2025-11-13 07:35:57	0	0.15	device_4292	
309	4582	49845	1532.38	USD	Withdrawal	357	Restaurants	Prepaid	Mobile App	Miami	2025-11-15 06:03:57	0	0.18	device_2155	
310	3115	90310	3646.29	EUR	Withdrawal	177	Grocery	Debit	Mobile App	Houston	2025-11-16 04:23:57	0	0.1	device_2247	
311	2709	32577	683.43	USD	Deposit	240	Travel	Debit	Mobile App	New York	2025-11-11 09:35:57	0	0.15	device_2109	
312	3419	93973	1156.65	GBP	Withdrawal	210	Restaurants	Debit	Web	New York	2025-11-12 14:26:57	0	0.18	device_9420	
313	1948	32574	3358.97	USD	Deposit	445	Luxury	Credit	POS	Miami	2025-11-15 09:51:57	0	0.28	device_7083	
314	4795	60544	2330.32	GBP	Withdrawal	138	Electronics	Debit	Web	Chicago	2025-11-16 08:25:57	0	0.19	device_1362	
315	1039	68406	4630.14	EUR	Withdrawal	454	Grocery	Debit	Mobile App	New York	2025-11-13 10:00:57	0	0.08	device_3378	
316	4119	19491	1466.89	USD	Payment	369	Travel	Prepaid	Mobile App	New York	2025-11-16 08:15:57	0	0.29	device_9958	
317	1714	18566	2820.86	EUR	Payment	342	Luxury	Prepaid	POS	Chicago	2025-11-14 09:51:57	0	0.16	device_7508	
318	2708	91777	4174.44	GBP	Withdrawal	351	Electronics	Credit	POS	Miami	2025-11-13 00:06:57	0	0.06	device_1978	
319	2093	69579	1854.43	EUR	Withdrawal	397	Travel	Debit	POS	Chicago	2025-11-11 01:13:57	0	0.19	device_5487	
320	4170	63480	3720.66	GBP	Payment	174	Luxury	Prepaid	POS	Chicago	2025-11-12 18:53:57	0	0.22	device_3653	
321	2911	43174	4336.6	USD	Transfer	369	Restaurants	Prepaid	POS	Chicago	2025-11-10 18:40:57	0	0.16	device_5751	
322	2442	82468	1506.22	USD	Deposit	242	Luxury	Credit	POS	Chicago	2025-11-11 09:45:57	0	0.05	device_5336	
323	1593	30627	3940.12	GBP	Deposit	411	Restaurants	Prepaid	POS	Chicago	2025-11-11 12:45:57	1	0.99	device_4804	High-Risk Merchant
324	1805	52420	2346.35	GBP	Payment	371	Travel	Debit	Mobile App	New York	2025-11-13 11:08:57	0	0.18	device_1256	
325	4525	52994	1776.73	USD	Payment	280	Travel	Prepaid	Mobile App	Miami	2025-11-10 15:31:57	1	0.9	device_2428	Account Takeover
326	1571	48178	2089.55	EUR	Payment	111	Travel	Debit	Web	Miami	2025-11-13 20:18:57	0	0.07	device_8937	
327	2025	56723	1968.5	EUR	Withdrawal	100	Luxury	Credit	Mobile App	New York	2025-11-13 17:12:57	0	0.13	device_6524	
328	4563	39219	3025.32	EUR	Payment	302	Restaurants	Credit	Web	Chicago	2025-11-11 04:19:57	0	0.03	device_7066	
329	3089	61243	1811.97	USD	Payment	500	Travel	Prepaid	Mobile App	Los Angeles	2025-11-15 19:10:57	0	0.22	device_3870	
330	2454	30912	1724.38	GBP	Transfer	465	Grocery	Credit	Web	Houston	2025-11-14 00:17:57	0	0.11	device_7968	
331	3677	52999	452.18	GBP	Transfer	260	Grocery	Prepaid	POS	Houston	2025-11-16 13:10:57	0	0.25	device_6457	
332	1037	13406	875.85	USD	Withdrawal	283	Grocery	Debit	POS	Houston	2025-11-16 16:12:57	0	0.26	device_3706	
333	2528	18314	2907.05	GBP	Transfer	370	Restaurants	Prepaid	Web	Los Angeles	2025-11-13 14:25:57	0	0.29	device_2617	
334	3079	45909	4002.21	USD	Withdrawal	456	Travel	Credit	POS	New York	2025-11-15 19:00:57	0	0.14	device_6721	
335	4057	91557	1562.54	EUR	Withdrawal	244	Travel	Debit	Web	Miami	2025-11-12 19:03:57	0	0.13	device_9444	
336	4719	15880	3443.99	GBP	Deposit	218	Grocery	Debit	Web	Miami	2025-11-15 17:42:57	0	0.11	device_8857	
337	1901	39939	1767.1	EUR	Transfer	303	Restaurants	Credit	POS	Houston	2025-11-14 01:55:57	0	0.21	device_7719	
338	4150	67293	422.54	USD	Transfer	311	Travel	Credit	Mobile App	New York	2025-11-16 05:24:57	0	0.2	device_7752	
339	2424	73268	3837.44	USD	Withdrawal	146	Travel	Prepaid	Mobile App	Los Angeles	2025-11-10 07:15:57	1	0.85	device_2026	Synthetic Identity
340	2719	12301	1981.25	GBP	Withdrawal	105	Electronics	Credit	Web	New York	2025-11-10 07:45:57	0	0.01	device_2224	
341	3056	78885	3065.64	GBP	Transfer	135	Travel	Prepaid	POS	New York	2025-11-13 01:44:57	0	0.15	device_3048	
342	2359	32060	652.62	GBP	Deposit	469	Travel	Prepaid	Web	Houston	2025-11-11 16:41:57	0	0.26	device_8568	
343	4372	42392	25.92	EUR	Deposit	428	Restaurants	Debit	Web	Houston	2025-11-10 19:49:57	1	0.97	device_3788	Synthetic Identity
344	3875	51634	1961.53	GBP	Payment	207	Electronics	Prepaid	Web	Houston	2025-11-09 22:12:57	0	0.18	device_7246	
345	2851	75048	4163.07	USD	Withdrawal	374	Restaurants	Prepaid	POS	Chicago	2025-11-15 22:15:57	0	0.02	device_4292	
346	1838	54511	3438.34	EUR	Deposit	355	Restaurants	Prepaid	Web	Miami	2025-11-14 21:20:57	0	0.13	device_3641	
347	1797	89747	1408.77	EUR	Transfer	432	Restaurants	Prepaid	Web	New York	2025-11-11 05:50:57	0	0.22	device_5626	
348	4438	51946	2378.7	GBP	Deposit	278	Electronics	Credit	Web	Houston	2025-11-16 12:54:57	0	0.02	device_8936	
349	4394	89082	1847.68	EUR	Payment	352	Luxury	Debit	Web	Los Angeles	2025-11-12 16:07:57	0	0.24	device_2211	
350	1841	48746	1752.88	USD	Deposit	355	Travel	Debit	Mobile App	Chicago	2025-11-10 17:03:57	0	0.07	device_5598	
351	1507	53236	4666.25	GBP	Payment	242	Travel	Debit	Mobile App	Houston	2025-11-11 09:45:57	0	0.2	device_8336	
352	1596	59308	2171.72	EUR	Payment	331	Restaurants	Credit	POS	Houston	2025-11-14 06:49:57	0	0.1	device_2942	
353	2671	61325	1693.05	EUR	Deposit	235	Grocery	Debit	POS	Los Angeles	2025-11-14 17:50:57	0	0.27	device_2024	
354	3399	71338	3124.79	USD	Withdrawal	126	Travel	Credit	POS	New York	2025-11-14 10:33:57	0	0.21	device_9914	
355	1388	59788	926.07	EUR	Withdrawal	341	Travel	Debit	Web	Los Angeles	2025-11-14 01:18:57	0	0.04	device_9270	
356	1488	55729	1564.29	GBP	Deposit	410	Luxury	Debit	POS	Chicago	2025-11-10 06:03:57	0	0.04	device_9485	
357	1962	72350	419.48	EUR	Deposit	247	Restaurants	Debit	POS	Miami	2025-11-16 06:36:57	1	0.96	device_3764	CNP Fraud
358	4223	77805	3467.44	USD	Withdrawal	286	Electronics	Debit	Web	Chicago	2025-11-10 02:33:57	0	0.1	device_4944	
359	2453	32387	1274.1	GBP	Payment	435	Restaurants	Prepaid	POS	Miami	2025-11-15 10:32:57	0	0.11	device_3437	
360	2486	35747	152.18	USD	Deposit	354	Electronics	Prepaid	Web	Los Angeles	2025-11-12 16:28:57	0	0.28	device_6695	
361	4979	95479	3652.67	EUR	Payment	120	Travel	Debit	Mobile App	Miami	2025-11-13 04:26:57	0	0.22	device_3866	
362	3778	90455	1540.15	USD	Payment	303	Grocery	Credit	Web	Houston	2025-11-11 16:57:57	1	0.99	device_1179	CNP Fraud
363	2278	74559	3723.73	EUR	Withdrawal	260	Travel	Debit	Mobile App	Miami	2025-11-14 14:56:57	0	0.03	device_1763	
364	2278	89135	3788.29	USD	Deposit	389	Luxury	Credit	POS	Houston	2025-11-12 06:03:57	0	0.08	device_8090	
365	4124	64796	1066.88	GBP	Withdrawal	256	Electronics	Debit	POS	Chicago	2025-11-11 01:21:57	0	0.22	device_9639	
366	2598	26960	4211.31	GBP	Transfer	474	Restaurants	Prepaid	Web	Los Angeles	2025-11-10 09:43:57	0	0.12	device_6942	
367	3007	29293	3543.25	EUR	Payment	333	Electronics	Credit	Web	Miami	2025-11-14 17:55:57	1	0.71	device_5622	Account Takeover
368	3691	59111	2507.98	USD	Deposit	279	Travel	Debit	Mobile App	Houston	2025-11-09 20:01:57	1	0.89	device_9238	Synthetic Identity
369	3318	23802	2220.74	EUR	Transfer	166	Luxury	Credit	Mobile App	Houston	2025-11-10 12:09:57	0	0.06	device_1173	
370	2406	40692	1008.03	GBP	Deposit	450	Restaurants	Prepaid	POS	Houston	2025-11-12 01:19:57	0	0.01	device_4377	
371	2199	46236	3228.91	USD	Transfer	230	Restaurants	Debit	Mobile App	Miami	2025-11-11 21:18:57	0	0.23	device_2624	
372	2392	28170	364.72	EUR	Payment	462	Grocery	Prepaid	Web	Los Angeles	2025-11-11 22:10:57	0	0.06	device_4978	
373	1886	82355	3643.72	GBP	Transfer	226	Luxury	Credit	POS	Houston	2025-11-16 14:18:57	0	0.28	device_9421	
374	1315	35635	954.5	USD	Payment	438	Grocery	Debit	POS	New York	2025-11-13 19:16:57	0	0.29	device_6089	
375	3687	60233	2935.3	EUR	Transfer	121	Grocery	Credit	POS	Chicago	2025-11-14 06:10:57	0	0.16	device_2782	
376	3746	27556	1105.22	USD	Payment	434	Electronics	Debit	Web	New York	2025-11-11 15:10:57	0	0.13	device_4541	
377	1250	51577	1279.64	GBP	Deposit	316	Travel	Debit	POS	New York	2025-11-12 22:25:57	0	0.29	device_2168	
378	4100	77360	131.88	GBP	Payment	471	Grocery	Debit	POS	Chicago	2025-11-14 09:18:57	0	0.14	device_5623	
379	3288	44154	4119.25	GBP	Withdrawal	385	Restaurants	Debit	POS	Miami	2025-11-10 14:56:57	1	0.9	device_6156	CNP Fraud
380	4757	72424	3747.44	EUR	Deposit	396	Grocery	Credit	Web	New York	2025-11-15 16:26:57	1	0.8	device_7248	Synthetic Identity
381	1867	17198	527.76	USD	Payment	300	Grocery	Debit	Web	Houston	2025-11-12 01:47:57	0	0.06	device_3435	
382	2210	94508	3234.78	GBP	Withdrawal	186	Electronics	Prepaid	POS	Miami	2025-11-12 20:12:57	0	0.27	device_8251	
383	1421	88211	4553.13	USD	Withdrawal	322	Restaurants	Debit	Mobile App	Houston	2025-11-14 00:42:57	0	0.02	device_8666	
384	3902	16803	2989.27	EUR	Withdrawal	131	Electronics	Credit	Web	Houston	2025-11-14 10:04:57	0	0.03	device_2906	
385	1509	47243	2959.05	EUR	Transfer	390	Grocery	Credit	Web	Houston	2025-11-12 17:17:57	0	0.11	device_6080	
386	4140	76493	4468.66	EUR	Transfer	404	Luxury	Prepaid	Mobile App	Houston	2025-11-13 18:17:57	0	0.13	device_4933	
387	2898	65518	2435.28	EUR	Transfer	352	Restaurants	Prepaid	Mobile App	Chicago	2025-11-14 09:19:57	0	0.24	device_1249	
388	4375	38537	1327.2	GBP	Withdrawal	299	Electronics	Prepaid	Mobile App	Los Angeles	2025-11-14 00:05:57	0	0.08	device_8836	
389	1735	37105	703.79	EUR	Withdrawal	205	Grocery	Debit	Mobile App	Houston	2025-11-16 08:58:57	0	0.22	device_9114	
390	1120	50346	4360.16	GBP	Payment	221	Travel	Prepaid	POS	New York	2025-11-15 21:35:57	1	0.94	device_1965	High-Risk Merchant
391	3565	94320	1407.36	EUR	Deposit	139	Restaurants	Credit	Web	New York	2025-11-15 06:17:57	0	0.17	device_2864	
392	1717	63155	4475.17	EUR	Payment	138	Restaurants	Debit	Mobile App	Houston	2025-11-11 13:36:57	1	0.85	device_4074	Account Takeover
393	3576	62522	2415.53	USD	Payment	355	Travel	Credit	Web	Houston	2025-11-12 19:06:57	0	0.18	device_9539	
394	2093	15738	960.83	USD	Withdrawal	365	Luxury	Credit	POS	Miami	2025-11-16 09:50:57	0	0.0	device_3801	
395	3462	96443	41.11	USD	Payment	159	Restaurants	Debit	Mobile App	Los Angeles	2025-11-12 22:54:57	0	0.16	device_3923	
396	3645	88102	4580.81	GBP	Deposit	207	Grocery	Debit	POS	Chicago	2025-11-13 10:41:57	1	0.72	device_3467	Synthetic Identity
397	3260	48055	515.95	EUR	Transfer	376	Electronics	Prepaid	Mobile App	Los Angeles	2025-11-16 03:49:57	0	0.14	device_6526	
398	2444	34949	3753.85	EUR	Withdrawal	396	Electronics	Credit	Mobile App	Los Angeles	2025-11-11 12:08:57	0	0.03	device_8267	
399	1132	25606	922.54	EUR	Transfer	483	Luxury	Credit	Web	Houston	2025-11-10 12:53:57	0	0.29	device_9370	
400	1212	74221	2518.72	USD	Deposit	241	Grocery	Prepaid	Web	Miami	2025-11-14 11:26:57	0	0.03	device_4366	
401	4810	89386	1630.68	GBP	Payment	421	Restaurants	Debit	Mobile App	Chicago	2025-11-14 04:47:57	0	0.2	device_1754	
402	1550	71905	1925.72	USD	Transfer	148	Luxury	Debit	Mobile App	Los Angeles	2025-11-13 21:07:57	0	0.07	device_2216	
403	2945	84552	3474.31	GBP	Deposit	250	Luxury	Prepaid	Web	Los Angeles	2025-11-13 06:05:57	0	0.26	device_4378	
404	1528	85102	1614.75	EUR	Withdrawal	481	Grocery	Prepaid	Web	Miami	2025-11-14 06:02:57	1	0.88	device_7679	High-Risk Merchant
405	1455	99898	1181.12	USD	Withdrawal	107	Luxury	Credit	POS	Miami	2025-11-13 16:25:57	0	0.04	device_9609	
406	1075	65373	860.01	EUR	Transfer	296	Travel	Prepaid	POS	New York	2025-11-15 20:06:57	0	0.22	device_3089	
407	2859	48185	380.77	GBP	Deposit	396	Travel	Debit	POS	Miami	2025-11-14 07:26:57	0	0.0	device_2754	
408	1005	55370	3134.02	EUR	Deposit	311	Grocery	Prepaid	POS	Chicago	2025-11-13 12:13:57	0	0.15	device_6435	
409	1781	80944	575.54	USD	Deposit	107	Restaurants	Debit	POS	New York	2025-11-14 18:20:57	0	0.08	device_4071	
410	2008	44114	4948.67	EUR	Payment	400	Grocery	Debit	Web	Los Angeles	2025-11-14 03:30:57	0	0.29	device_9652	
411	1126	55394	723.88	USD	Transfer	287	Electronics	Credit	Web	Miami	2025-11-14 08:48:57	0	0.21	device_6769	
412	1578	68451	3064.36	GBP	Deposit	343	Grocery	Prepaid	POS	Chicago	2025-11-15 18:42:57	0	0.15	device_6303	
413	3386	49082	1368.38	EUR	Withdrawal	451	Grocery	Prepaid	POS	Houston	2025-11-15 08:01:57	0	0.07	device_4612	
414	3228	77291	1738.74	EUR	Payment	183	Grocery	Prepaid	Mobile App	Houston	2025-11-11 11:46:57	0	0.15	device_2162	
415	4275	82984	2776.13	USD	Withdrawal	336	Luxury	Prepaid	Web	Chicago	2025-11-12 06:31:57	0	0.08	device_9457	
416	2151	87471	1327.76	EUR	Transfer	285	Grocery	Credit	Mobile App	Houston	2025-11-13 17:17:57	0	0.01	device_7482	
417	4935	92244	670.79	GBP	Deposit	218	Grocery	Prepaid	POS	Miami	2025-11-14 11:58:57	0	0.29	device_8460	
418	1741	18542	282.24	USD	Transfer	386	Restaurants	Credit	Mobile App	New York	2025-11-12 14:08:57	0	0.21	device_1565	
419	2865	26390	2489.01	GBP	Deposit	307	Grocery	Credit	Web	Houston	2025-11-13 00:16:57	0	0.15	device_9703	
420	1765	52358	1662.27	GBP	Transfer	214	Grocery	Prepaid	Mobile App	Chicago	2025-11-13 11:06:57	0	0.27	device_3102	
421	4149	88805	1686.4	USD	Transfer	216	Grocery	Prepaid	POS	Houston	2025-11-16 11:39:57	0	0.15	device_2637	
422	2802	48872	2315.64	USD	Deposit	189	Electronics	Debit	POS	Chicago	2025-11-11 12:51:57	0	0.28	device_3501	
423	4834	56558	670.12	EUR	Payment	396	Restaurants	Debit	POS	Los Angeles	2025-11-10 05:04:57	0	0.0	device_6662	
424	2633	37730	944.7	EUR	Withdrawal	461	Restaurants	Prepaid	Mobile App	Los Angeles	2025-11-15 11:13:57	0	0.3	device_3613	
425	3899	35340	1807.63	GBP	Transfer	199	Electronics	Credit	POS	Los Angeles	2025-11-12 03:51:57	0	0.1	device_2539	
426	3194	90970	4850.07	USD	Transfer	319	Grocery	Prepaid	Web	New York	2025-11-12 01:38:57	0	0.09	device_9227	
427	2201	73296	3459.35	GBP	Withdrawal	322	Travel	Debit	POS	Chicago	2025-11-12 07:06:57	1	0.78	device_5561	CNP Fraud
428	3550	29551	1446.23	GBP	Payment	244	Luxury	Credit	Web	Miami	2025-11-16 07:32:57	0	0.07	device_6848	
429	1774	57489	3404.75	GBP	Transfer	489	Grocery	Prepaid	POS	Houston	2025-11-14 23:43:57	0	0.09	device_6700	
430	4693	84746	467.75	GBP	Transfer	220	Electronics	Debit	Mobile App	Los Angeles	2025-11-12 13:55:57	0	0.14	device_1024	
431	4433	36414	2697.48	EUR	Withdrawal	127	Grocery	Debit	POS	Los Angeles	2025-11-14 07:56:57	0	0.22	device_5193	
432	3947	25275	3050.31	USD	Withdrawal	166	Travel	Prepaid	POS	Chicago	2025-11-13 10:39:57	0	0.17	device_1748	
433	4127	12880	587.91	EUR	Payment	190	Electronics	Prepaid	Web	Miami	2025-11-11 17:55:57	0	0.09	device_9824	
434	3940	84580	2544.56	USD	Deposit	231	Grocery	Prepaid	Mobile App	Chicago	2025-11-13 16:28:57	0	0.26	device_3516	
435	2882	48906	2789.55	EUR	Deposit	292	Grocery	Credit	Web	Chicago	2025-11-13 23:23:57	0	0.21	device_4646	
436	4403	66587	1055.69	EUR	Withdrawal	400	Restaurants	Prepaid	POS	Los Angeles	2025-11-16 03:23:57	1	0.9	device_5419	High-Risk Merchant
437	3464	90324	4888.42	USD	Transfer	458	Grocery	Prepaid	POS	Los Angeles	2025-11-10 02:54:57	0	0.2	device_4170	
438	1158	11188	684.3	EUR	Transfer	499	Grocery	Prepaid	POS	Miami	2025-11-13 02:20:57	0	0.3	device_6365	
439	1555	34828	2595.03	EUR	Withdrawal	220	Luxury	Credit	POS	Chicago	2025-11-12 07:41:57	0	0.19	device_1594	
440	1005	28719	3258.71	GBP	Withdrawal	452	Grocery	Debit	Web	New York	2025-11-12 09:04:57	0	0.26	device_1925	
441	4087	30969	1855.05	GBP	Transfer	168	Luxury	Prepaid	Mobile App	New York	2025-11-10 10:49:57	0	0.12	device_3751	
442	3463	35723	3247.63	GBP	Transfer	338	Travel	Prepaid	Mobile App	Houston	2025-11-15 07:02:57	0	0.27	device_8040	
443	4409	74401	3423.13	EUR	Deposit	276	Luxury	Credit	POS	New York	2025-11-11 05:55:57	1	0.97	device_7066	Synthetic Identity
444	2454	52710	2152.44	EUR	Transfer	365	Restaurants	Debit	POS	Miami	2025-11-12 13:57:57	1	0.86	device_6630	High-Risk Merchant
445	3132	75564	174.24	USD	Payment	265	Grocery	Credit	Mobile App	Chicago	2025-11-10 11:54:57	0	0.0	device_8886	
446	4039	90050	800.63	USD	Payment	171	Electronics	Prepaid	Web	Houston	2025-11-13 09:56:57	0	0.19	device_1759	
447	4003	58036	434.63	EUR	Withdrawal	492	Luxury	Credit	Web	Los Angeles	2025-11-10 14:15:57	0	0.02	device_5769	
448	3543	18341	2027.28	USD	Transfer	305	Restaurants	Prepaid	POS	Chicago	2025-11-14 04:44:57	1	0.9	device_1120	High-Risk Merchant
449	2784	98912	3850.31	GBP	Withdrawal	204	Travel	Credit	POS	New York	2025-11-15 06:20:57	0	0.03	device_2525	
450	4149	90272	2091.12	GBP	Transfer	326	Restaurants	Prepaid	Mobile App	Houston	2025-11-15 22:14:57	0	0.08	device_8590	
451	1507	57792	3762.11	EUR	Deposit	398	Grocery	Prepaid	Web	Los Angeles	2025-11-12 01:01:57	0	0.17	device_1698	
452	2396	69204	3124.17	GBP	Withdrawal	424	Travel	Credit	Mobile App	Miami	2025-11-11 15:27:57	0	0.15	device_8812	
453	4319	24637	3224.32	USD	Payment	260	Restaurants	Prepaid	Mobile App	Houston	2025-11-10 21:09:57	0	0.12	device_4345	
454	4376	11222	328.17	USD	Deposit	447	Grocery	Credit	Web	New York	2025-11-16 13:07:57	0	0.16	device_7335	
455	4260	21264	2467.16	EUR	Transfer	158	Travel	Debit	Web	Houston	2025-11-11 10:23:57	1	0.94	device_3836	High-Risk Merchant
456	1653	38596	2081.25	GBP	Deposit	184	Electronics	Prepaid	Web	Los Angeles	2025-11-15 10:36:57	0	0.22	device_3819	
457	3790	11131	2047.7	GBP	Transfer	471	Travel	Debit	Web	Chicago	2025-11-13 12:55:57	0	0.13	device_7822	
458	1142	23500	446.66	USD	Deposit	342	Travel	Prepaid	Web	Houston	2025-11-13 04:59:57	0	0.07	device_9696	
459	3399	47260	1535.14	USD	Withdrawal	330	Luxury	Prepaid	POS	Houston	2025-11-14 09:53:57	0	0.14	device_7984	
460	2506	54962	307.84	GBP	Payment	367	Grocery	Debit	POS	Miami	2025-11-12 06:17:57	0	0.29	device_3726	
461	1259	96892	430.33	USD	Transfer	443	Luxury	Prepaid	POS	New York	2025-11-11 15:23:57	0	0.03	device_6301	
462	4828	59439	3226.12	GBP	Payment	256	Travel	Credit	Mobile App	Miami	2025-11-10 23:59:57	0	0.01	device_7347	
463	3446	89189	2984.4	GBP	Withdrawal	171	Grocery	Credit	Web	New York	2025-11-12 09:29:57	0	0.26	device_7549	
464	1990	68497	1214.62	EUR	Payment	268	Travel	Credit	POS	Los Angeles	2025-11-11 16:48:57	1	0.83	device_8584	Money Laundering
465	4793	82613	3668.4	USD	Deposit	117	Luxury	Prepaid	POS	Houston	2025-11-10 14:07:57	0	0.2	device_5281	
466	1831	50953	2037.15	USD	Withdrawal	418	Travel	Prepaid	POS	New York	2025-11-15 00:33:57	0	0.09	device_4958	
467	1654	88673	4678.7	EUR	Transfer	226	Grocery	Debit	Mobile App	New York	2025-11-15 11:22:57	0	0.08	device_7360	
468	3951	50252	4578.9	EUR	Payment	433	Luxury	Debit	Web	Houston	2025-11-16 11:34:57	0	0.14	device_4946	
469	3189	58832	472.76	USD	Withdrawal	419	Restaurants	Credit	Mobile App	New York	2025-11-11 04:23:57	0	0.12	device_9716	
470	3608	47282	92.97	USD	Withdrawal	269	Restaurants	Credit	POS	Los Angeles	2025-11-12 16:06:57	0	0.3	device_5684	
471	2484	91541	1309.41	EUR	Transfer	175	Travel	Credit	Mobile App	Houston	2025-11-11 11:51:57	0	0.14	device_9996	
472	2118	68887	3828.89	GBP	Withdrawal	187	Electronics	Debit	POS	Houston	2025-11-14 14:41:57	0	0.28	device_2735	
473	2285	81435	618.59	USD	Deposit	400	Travel	Prepaid	Mobile App	Los Angeles	2025-11-13 06:24:57	0	0.02	device_1582	
474	1636	22631	4276.63	GBP	Deposit	353	Electronics	Debit	POS	Houston	2025-11-15 15:56:57	1	0.91	device_7047	Money Laundering
475	3948	13827	3487.19	EUR	Deposit	444	Electronics	Prepaid	Web	Miami	2025-11-15 03:23:57	0	0.14	device_9914	
476	2079	32755	845.5	USD	Payment	371	Restaurants	Prepaid	Mobile App	Chicago	2025-11-11 16:05:57	0	0.1	device_5804	
477	4743	99203	4209.48	EUR	Payment	399	Travel	Credit	POS	Houston	2025-11-11 10:08:57	1	0.75	device_3680	CNP Fraud
478	4682	54001	613.37	USD	Transfer	475	Luxury	Debit	Mobile App	Chicago	2025-11-14 02:19:57	0	0.27	device_6404	
479	2770	48018	3600.3	GBP	Withdrawal	346	Electronics	Prepaid	Mobile App	Chicago	2025-11-15 13:56:57	1	0.84	device_5587	High-Risk Merchant
480	3907	32136	3723.33	GBP	Payment	197	Electronics	Credit	Mobile App	Chicago	2025-11-11 23:38:57	0	0.06	device_3821	
481	3474	19036	431.12	EUR	Transfer	394	Luxury	Credit	POS	Los Angeles	2025-11-14 13:01:57	0	0.24	device_4980	
482	3884	95428	4702.27	EUR	Transfer	221	Luxury	Prepaid	Web	Houston	2025-11-12 16:23:57	0	0.08	device_4682	
483	2933	97792	1704.79	GBP	Transfer	423	Electronics	Prepaid	POS	Houston	2025-11-10 17:11:57	0	0.2	device_1431	
484	4066	89694	2786.92	EUR	Withdrawal	371	Luxury	Debit	Mobile App	New York	2025-11-10 22:36:57	1	0.97	device_2103	CNP Fraud
485	3507	85057	1016.21	USD	Payment	491	Travel	Prepaid	Mobile App	Los Angeles	2025-11-11 16:49:57	0	0.21	device_8107	
486	1433	18679	2406.33	GBP	Transfer	152	Electronics	Credit	POS	New York	2025-11-13 06:06:57	0	0.16	device_5247	
487	2787	76490	1928.63	GBP	Transfer	389	Luxury	Prepaid	Mobile App	Chicago	2025-11-14 06:30:57	0	0.09	device_1309	
488	3083	34685	1837.81	GBP	Deposit	310	Travel	Prepaid	Web	Houston	2025-11-10 00:15:57	0	0.28	device_6241	
489	2466	52622	4830.02	EUR	Transfer	340	Luxury	Credit	Mobile App	Miami	2025-11-14 07:52:57	0	0.21	device_5280	
490	1497	65165	4255.75	GBP	Transfer	234	Grocery	Prepaid	POS	Houston	2025-11-14 11:55:57	1	0.99	device_8830	High-Risk Merchant
491	4227	91657	1239.03	USD	Deposit	302	Restaurants	Credit	Web	Los Angeles	2025-11-13 10:32:57	0	0.26	device_6642	
492	3700	60943	2114.55	GBP	Deposit	210	Electronics	Credit	Web	Miami	2025-11-11 01:08:57	0	0.04	device_4811	
493	4727	81575	4379.09	USD	Transfer	332	Travel	Debit	Web	Miami	2025-11-16 01:22:57	0	0.01	device_9429	
494	2361	78469	1480.61	USD	Deposit	202	Grocery	Prepaid	Mobile App	Miami	2025-11-15 00:44:57	0	0.27	device_2772	
495	3610	53970	2452.07	GBP	Transfer	224	Restaurants	Credit	Web	Chicago	2025-11-15 02:15:57	0	0.26	device_2319	
496	2120	35711	4473.55	EUR	Withdrawal	332	Luxury	Prepaid	Web	Miami	2025-11-16 12:49:57	1	0.8	device_5946	High-Risk Merchant
497	4264	96398	3250.7	EUR	Payment	346	Grocery	Credit	Web	Miami	2025-11-11 01:36:57	0	0.1	device_4573	
498	4154	27450	4876.79	EUR	Deposit	458	Travel	Credit	Mobile App	New York	2025-11-13 04:48:57	0	0.03	device_6662	
499	1432	64032	3452.31	USD	Withdrawal	290	Electronics	Debit	POS	Houston	2025-11-13 18:44:57	0	0.07	device_8186	
500	1016	62979	750.45	EUR	Withdrawal	157	Luxury	Debit	Mobile App	New York	2025-11-14 14:29:57	1	0.96	device_6117	Synthetic Identity
